{"cameraMode":{"drawMode":0,"name":"Shaded","section":"Shading Mode"},"sceneLighting":true,"audioPlay":false,"sceneViewState":{"showFog":true,"showMaterialUpdate":false,"showSkybox":true,"showFlares":true,"showImageEffects":true,"showParticleSystems":true},"in2DMode":false,"pivot":{"x":4.257692337036133,"y":-3.1408886909484865,"z":-15.608047485351563},"rotation":{"x":-0.00045939238043501973,"y":-0.9901866316795349,"z":0.13994084298610688,"w":-0.0033074149396270515},"size":20.880985260009767,"orthographic":false}