{"cameraMode":{"drawMode":0,"name":"Shaded","section":"Shading Mode"},"sceneLighting":true,"audioPlay":false,"sceneViewState":{"showFog":true,"showMaterialUpdate":false,"showSkybox":true,"showFlares":true,"showImageEffects":true,"showParticleSystems":true},"in2DMode":false,"pivot":{"x":7.683032035827637,"y":-2.647493362426758,"z":-67.20877075195313},"rotation":{"x":-0.02314089424908161,"y":-0.9768732786178589,"z":0.15003661811351777,"w":-0.1506597101688385},"size":38.01662826538086,"orthographic":false}