{"cameraMode":{"drawMode":0,"name":"Shaded","section":"Shading Mode"},"sceneLighting":true,"audioPlay":false,"sceneViewState":{"showFog":true,"showMaterialUpdate":false,"showSkybox":true,"showFlares":true,"showImageEffects":true,"showParticleSystems":true},"in2DMode":false,"pivot":{"x":8.874652862548829,"y":-3.3338260650634767,"z":-12.093597412109375},"rotation":{"x":0.013514507561922074,"y":-0.9793710708618164,"z":0.18917188048362733,"w":0.07003973424434662},"size":35.96055603027344,"orthographic":false}