{"cameraMode":{"drawMode":0,"name":"Shaded","section":"Shading Mode"},"sceneLighting":true,"audioPlay":false,"sceneViewState":{"showFog":true,"showMaterialUpdate":false,"showSkybox":true,"showFlares":true,"showImageEffects":true,"showParticleSystems":true},"in2DMode":false,"pivot":{"x":-111.67378997802735,"y":-12.8383150100708,"z":-19.892913818359376},"rotation":{"x":0.005205374676734209,"y":0.9733253717422485,"z":-0.22830602526664735,"w":0.02219182252883911},"size":205.5345916748047,"orthographic":false}