{"cameraMode":{"drawMode":0,"name":"Shaded","section":"Shading Mode"},"sceneLighting":true,"audioPlay":false,"sceneViewState":{"showFog":true,"showMaterialUpdate":false,"showSkybox":true,"showFlares":true,"showImageEffects":true,"showParticleSystems":true},"in2DMode":false,"pivot":{"x":4.141366958618164,"y":3.5493738651275636,"z":20.379148483276368},"rotation":{"x":-0.0008609240176156163,"y":-0.9861242175102234,"z":0.1660335808992386,"w":-0.005037245806306601},"size":0.10275036096572876,"orthographic":false}