{"cameraMode":{"drawMode":0,"name":"Shaded","section":"Shading Mode"},"sceneLighting":true,"audioPlay":false,"sceneViewState":{"showFog":true,"showMaterialUpdate":false,"showSkybox":true,"showFlares":true,"showImageEffects":true,"showParticleSystems":true},"in2DMode":false,"pivot":{"x":-38.91767883300781,"y":31.096393585205079,"z":-11.0352783203125},"rotation":{"x":0.0509243980050087,"y":-0.9375401735305786,"z":0.15553699433803559,"w":0.3070331811904907},"size":177.43687438964845,"orthographic":false}