{"cameraMode":{"drawMode":0,"name":"Shaded","section":"Shading Mode"},"sceneLighting":true,"audioPlay":false,"sceneViewState":{"showFog":true,"showMaterialUpdate":false,"showSkybox":true,"showFlares":true,"showImageEffects":true,"showParticleSystems":true},"in2DMode":false,"pivot":{"x":4.2276458740234379,"y":-2.9342074394226076,"z":7.946538925170898},"rotation":{"x":0.0022950381971895696,"y":0.9707297682762146,"z":-0.2400231510400772,"w":0.00933209341019392},"size":15.506449699401856,"orthographic":false}