{"cameraMode":{"drawMode":0,"name":"Shaded","section":"Shading Mode"},"sceneLighting":true,"audioPlay":false,"sceneViewState":{"showFog":true,"showMaterialUpdate":false,"showSkybox":true,"showFlares":true,"showImageEffects":true,"showParticleSystems":true},"in2DMode":false,"pivot":{"x":4.15054988861084,"y":3.881502628326416,"z":21.207069396972658},"rotation":{"x":0.006745069287717342,"y":0.9724872708320618,"z":-0.23118944466114045,"w":0.028314700350165368},"size":1.9972498416900635,"orthographic":false}